id,runtime,revision,profile,offered_rate_rps,planned_arrivals,driver_status,checker_status,actual_native_http,actual_results,measured_native_starts,reason
fpm-w1-10-baseline,fpm,baseline,w1,10,400,invalid,incomplete,400,400,300,"Sampler child failed; partial artifacts retained"
fpm-w1-10-candidate,fpm,candidate,w1,10,400,skipped,incomplete,,,,"Unstarted after conservative whole-study stop; no observation"
fpm-w2-10-candidate,fpm,candidate,w2,10,400,skipped,incomplete,,,,"Unstarted after conservative whole-study stop; no observation"
fpm-w2-10-baseline,fpm,baseline,w2,10,400,skipped,incomplete,,,,"Unstarted after conservative whole-study stop; no observation"
fpm-w3-10-baseline,fpm,baseline,w3,10,400,skipped,incomplete,,,,"Unstarted after conservative whole-study stop; no observation"
fpm-w3-10-candidate,fpm,candidate,w3,10,400,skipped,incomplete,,,,"Unstarted after conservative whole-study stop; no observation"
fpm-mixed-10-candidate,fpm,candidate,mixed,10,400,skipped,incomplete,,,,"Unstarted after conservative whole-study stop; no observation"
fpm-mixed-10-baseline,fpm,baseline,mixed,10,400,skipped,incomplete,,,,"Unstarted after conservative whole-study stop; no observation"
fpm-w4-10-candidate,fpm,candidate,w4,10,400,skipped,incomplete,,,,"Unstarted after conservative whole-study stop; no observation"
fpm-w1-20-baseline,fpm,baseline,w1,20,800,skipped,incomplete,,,,"Unstarted after conservative whole-study stop; no observation"
fpm-w1-20-candidate,fpm,candidate,w1,20,800,skipped,incomplete,,,,"Unstarted after conservative whole-study stop; no observation"
fpm-w2-20-candidate,fpm,candidate,w2,20,800,skipped,incomplete,,,,"Unstarted after conservative whole-study stop; no observation"
fpm-w2-20-baseline,fpm,baseline,w2,20,800,skipped,incomplete,,,,"Unstarted after conservative whole-study stop; no observation"
fpm-w3-20-baseline,fpm,baseline,w3,20,800,skipped,incomplete,,,,"Unstarted after conservative whole-study stop; no observation"
fpm-w3-20-candidate,fpm,candidate,w3,20,800,skipped,incomplete,,,,"Unstarted after conservative whole-study stop; no observation"
fpm-mixed-20-candidate,fpm,candidate,mixed,20,800,skipped,incomplete,,,,"Unstarted after conservative whole-study stop; no observation"
fpm-mixed-20-baseline,fpm,baseline,mixed,20,800,skipped,incomplete,,,,"Unstarted after conservative whole-study stop; no observation"
fpm-w4-20-candidate,fpm,candidate,w4,20,800,skipped,incomplete,,,,"Unstarted after conservative whole-study stop; no observation"
fpm-w1-40-baseline,fpm,baseline,w1,40,1600,skipped,incomplete,,,,"Unstarted after conservative whole-study stop; no observation"
fpm-w1-40-candidate,fpm,candidate,w1,40,1600,skipped,incomplete,,,,"Unstarted after conservative whole-study stop; no observation"
fpm-w2-40-candidate,fpm,candidate,w2,40,1600,skipped,incomplete,,,,"Unstarted after conservative whole-study stop; no observation"
fpm-w2-40-baseline,fpm,baseline,w2,40,1600,skipped,incomplete,,,,"Unstarted after conservative whole-study stop; no observation"
fpm-w3-40-baseline,fpm,baseline,w3,40,1600,skipped,incomplete,,,,"Unstarted after conservative whole-study stop; no observation"
fpm-w3-40-candidate,fpm,candidate,w3,40,1600,skipped,incomplete,,,,"Unstarted after conservative whole-study stop; no observation"
fpm-mixed-40-candidate,fpm,candidate,mixed,40,1600,skipped,incomplete,,,,"Unstarted after conservative whole-study stop; no observation"
fpm-mixed-40-baseline,fpm,baseline,mixed,40,1600,skipped,incomplete,,,,"Unstarted after conservative whole-study stop; no observation"
fpm-w4-40-candidate,fpm,candidate,w4,40,1600,skipped,incomplete,,,,"Unstarted after conservative whole-study stop; no observation"
roadrunner-w1-10-baseline,roadrunner,baseline,w1,10,400,skipped,incomplete,,,,"Unstarted after conservative whole-study stop; no observation"
roadrunner-w1-10-candidate,roadrunner,candidate,w1,10,400,skipped,incomplete,,,,"Unstarted after conservative whole-study stop; no observation"
roadrunner-w2-10-candidate,roadrunner,candidate,w2,10,400,skipped,incomplete,,,,"Unstarted after conservative whole-study stop; no observation"
roadrunner-w2-10-baseline,roadrunner,baseline,w2,10,400,skipped,incomplete,,,,"Unstarted after conservative whole-study stop; no observation"
roadrunner-w3-10-baseline,roadrunner,baseline,w3,10,400,skipped,incomplete,,,,"Unstarted after conservative whole-study stop; no observation"
roadrunner-w3-10-candidate,roadrunner,candidate,w3,10,400,skipped,incomplete,,,,"Unstarted after conservative whole-study stop; no observation"
roadrunner-mixed-10-candidate,roadrunner,candidate,mixed,10,400,skipped,incomplete,,,,"Unstarted after conservative whole-study stop; no observation"
roadrunner-mixed-10-baseline,roadrunner,baseline,mixed,10,400,skipped,incomplete,,,,"Unstarted after conservative whole-study stop; no observation"
roadrunner-w4-10-candidate,roadrunner,candidate,w4,10,400,skipped,incomplete,,,,"Unstarted after conservative whole-study stop; no observation"
roadrunner-w1-20-baseline,roadrunner,baseline,w1,20,800,skipped,incomplete,,,,"Unstarted after conservative whole-study stop; no observation"
roadrunner-w1-20-candidate,roadrunner,candidate,w1,20,800,skipped,incomplete,,,,"Unstarted after conservative whole-study stop; no observation"
roadrunner-w2-20-candidate,roadrunner,candidate,w2,20,800,skipped,incomplete,,,,"Unstarted after conservative whole-study stop; no observation"
roadrunner-w2-20-baseline,roadrunner,baseline,w2,20,800,skipped,incomplete,,,,"Unstarted after conservative whole-study stop; no observation"
roadrunner-w3-20-baseline,roadrunner,baseline,w3,20,800,skipped,incomplete,,,,"Unstarted after conservative whole-study stop; no observation"
roadrunner-w3-20-candidate,roadrunner,candidate,w3,20,800,skipped,incomplete,,,,"Unstarted after conservative whole-study stop; no observation"
roadrunner-mixed-20-candidate,roadrunner,candidate,mixed,20,800,skipped,incomplete,,,,"Unstarted after conservative whole-study stop; no observation"
roadrunner-mixed-20-baseline,roadrunner,baseline,mixed,20,800,skipped,incomplete,,,,"Unstarted after conservative whole-study stop; no observation"
roadrunner-w4-20-candidate,roadrunner,candidate,w4,20,800,skipped,incomplete,,,,"Unstarted after conservative whole-study stop; no observation"
roadrunner-w1-40-baseline,roadrunner,baseline,w1,40,1600,skipped,incomplete,,,,"Unstarted after conservative whole-study stop; no observation"
roadrunner-w1-40-candidate,roadrunner,candidate,w1,40,1600,skipped,incomplete,,,,"Unstarted after conservative whole-study stop; no observation"
roadrunner-w2-40-candidate,roadrunner,candidate,w2,40,1600,skipped,incomplete,,,,"Unstarted after conservative whole-study stop; no observation"
roadrunner-w2-40-baseline,roadrunner,baseline,w2,40,1600,skipped,incomplete,,,,"Unstarted after conservative whole-study stop; no observation"
roadrunner-w3-40-baseline,roadrunner,baseline,w3,40,1600,skipped,incomplete,,,,"Unstarted after conservative whole-study stop; no observation"
roadrunner-w3-40-candidate,roadrunner,candidate,w3,40,1600,skipped,incomplete,,,,"Unstarted after conservative whole-study stop; no observation"
roadrunner-mixed-40-candidate,roadrunner,candidate,mixed,40,1600,skipped,incomplete,,,,"Unstarted after conservative whole-study stop; no observation"
roadrunner-mixed-40-baseline,roadrunner,baseline,mixed,40,1600,skipped,incomplete,,,,"Unstarted after conservative whole-study stop; no observation"
roadrunner-w4-40-candidate,roadrunner,candidate,w4,40,1600,skipped,incomplete,,,,"Unstarted after conservative whole-study stop; no observation"
swoole-w1-10-baseline,swoole,baseline,w1,10,400,skipped,incomplete,,,,"Unstarted after conservative whole-study stop; no observation"
swoole-w1-10-candidate,swoole,candidate,w1,10,400,skipped,incomplete,,,,"Unstarted after conservative whole-study stop; no observation"
swoole-w2-10-candidate,swoole,candidate,w2,10,400,skipped,incomplete,,,,"Unstarted after conservative whole-study stop; no observation"
swoole-w2-10-baseline,swoole,baseline,w2,10,400,skipped,incomplete,,,,"Unstarted after conservative whole-study stop; no observation"
swoole-w3-10-baseline,swoole,baseline,w3,10,400,skipped,incomplete,,,,"Unstarted after conservative whole-study stop; no observation"
swoole-w3-10-candidate,swoole,candidate,w3,10,400,skipped,incomplete,,,,"Unstarted after conservative whole-study stop; no observation"
swoole-mixed-10-candidate,swoole,candidate,mixed,10,400,skipped,incomplete,,,,"Unstarted after conservative whole-study stop; no observation"
swoole-mixed-10-baseline,swoole,baseline,mixed,10,400,skipped,incomplete,,,,"Unstarted after conservative whole-study stop; no observation"
swoole-w4-10-candidate,swoole,candidate,w4,10,400,skipped,incomplete,,,,"Unstarted after conservative whole-study stop; no observation"
swoole-w1-20-baseline,swoole,baseline,w1,20,800,skipped,incomplete,,,,"Unstarted after conservative whole-study stop; no observation"
swoole-w1-20-candidate,swoole,candidate,w1,20,800,skipped,incomplete,,,,"Unstarted after conservative whole-study stop; no observation"
swoole-w2-20-candidate,swoole,candidate,w2,20,800,skipped,incomplete,,,,"Unstarted after conservative whole-study stop; no observation"
swoole-w2-20-baseline,swoole,baseline,w2,20,800,skipped,incomplete,,,,"Unstarted after conservative whole-study stop; no observation"
swoole-w3-20-baseline,swoole,baseline,w3,20,800,skipped,incomplete,,,,"Unstarted after conservative whole-study stop; no observation"
swoole-w3-20-candidate,swoole,candidate,w3,20,800,skipped,incomplete,,,,"Unstarted after conservative whole-study stop; no observation"
swoole-mixed-20-candidate,swoole,candidate,mixed,20,800,skipped,incomplete,,,,"Unstarted after conservative whole-study stop; no observation"
swoole-mixed-20-baseline,swoole,baseline,mixed,20,800,skipped,incomplete,,,,"Unstarted after conservative whole-study stop; no observation"
swoole-w4-20-candidate,swoole,candidate,w4,20,800,skipped,incomplete,,,,"Unstarted after conservative whole-study stop; no observation"
swoole-w1-40-baseline,swoole,baseline,w1,40,1600,skipped,incomplete,,,,"Unstarted after conservative whole-study stop; no observation"
swoole-w1-40-candidate,swoole,candidate,w1,40,1600,skipped,incomplete,,,,"Unstarted after conservative whole-study stop; no observation"
swoole-w2-40-candidate,swoole,candidate,w2,40,1600,skipped,incomplete,,,,"Unstarted after conservative whole-study stop; no observation"
swoole-w2-40-baseline,swoole,baseline,w2,40,1600,skipped,incomplete,,,,"Unstarted after conservative whole-study stop; no observation"
swoole-w3-40-baseline,swoole,baseline,w3,40,1600,skipped,incomplete,,,,"Unstarted after conservative whole-study stop; no observation"
swoole-w3-40-candidate,swoole,candidate,w3,40,1600,skipped,incomplete,,,,"Unstarted after conservative whole-study stop; no observation"
swoole-mixed-40-candidate,swoole,candidate,mixed,40,1600,skipped,incomplete,,,,"Unstarted after conservative whole-study stop; no observation"
swoole-mixed-40-baseline,swoole,baseline,mixed,40,1600,skipped,incomplete,,,,"Unstarted after conservative whole-study stop; no observation"
swoole-w4-40-candidate,swoole,candidate,w4,40,1600,skipped,incomplete,,,,"Unstarted after conservative whole-study stop; no observation"
